305,3,1,화 24 36,103
310,3,1,금 24 36,98
321,3,1,목 18 23,43
321,3,1,목 24 36,33
321,3,1,목 8 16,42
321,3,1,수 24 36,30
321,3,1,수 6 11,36
321,3,1,월 32 36,11
321,3,1,월 8 16,41
321,3,1,화 18 23,43
321,3,1,화 8 12,42
305,3,2,금 12 24,104
305,3,2,금 24 36,89
305,3,2,목 0 5,99
305,3,2,목 6 11,72
305,3,2,화 0 5,99
305,3,2,화 6 11,72
310,3,2,금 12 16,17
310,3,2,목 18 23,100
310,3,2,목 24 29,80
310,3,2,목 6 11,64
310,3,2,수 0 5,98
310,3,2,수 12 17,97
310,3,2,수 18 23,100
310,3,2,수 24 29,100
310,3,2,수 6 11,100
310,3,2,월 0 5,98
310,3,2,월 12 17,97
310,3,2,월 18 23,100
310,3,2,월 24 29,100
310,3,2,월 6 11,100
310,3,2,토 0 12,0
310,3,2,토 20 32,0
310,3,2,화 18 23,100
310,3,2,화 24 29,80
310,3,2,화 6 11,64
311,3,2,목 18 23,39
311,3,2,목 24 29,84
311,3,2,수 0 5,80
311,3,2,수 12 16,18
311,3,2,수 18 23,84
311,3,2,수 24 36,29
311,3,2,수 6 11,60
311,3,2,월 0 5,80
311,3,2,월 12 16,17
311,3,2,월 18 23,84
311,3,2,월 6 11,60
311,3,2,토 0 12,64
311,3,2,토 16 28,74
311,3,2,토 28 40,62
311,3,2,화 18 23,39
311,3,2,화 24 29,84
312,3,2,금 0 12,0
312,3,2,금 36 40,11
312,3,2,목 0 12,0
312,3,2,목 16 32,24
312,3,2,수 0 8,72
312,3,2,수 16 20,14
312,3,2,수 24 28,54
312,3,2,수 8 12,97
312,3,2,월 0 8,58
312,3,2,월 16 24,14
312,3,2,월 24 32,54
312,3,2,월 32 36,11
312,3,2,월 8 16,97
312,3,2,토 0 12,46
312,3,2,토 12 24,0
312,3,2,화 0 8,72
312,3,2,화 32 40,83
312,3,2,화 8 16,16
315,3,2,금 36 40,11
315,3,2,목 12 16,60
315,3,2,목 16 24,49
315,3,2,목 28 32,66
315,3,2,목 4 8,49
315,3,2,수 0 4,0
315,3,2,수 16 24,63
315,3,2,수 24 28,50
315,3,2,수 4 8,58
315,3,2,수 8 16,51
315,3,2,월 0 8,0
315,3,2,월 12 16,51
315,3,2,월 16 20,49
315,3,2,월 20 24,63
315,3,2,월 24 32,50
315,3,2,월 32 36,11
315,3,2,토 12 24,48
315,3,2,토 24 36,0
315,3,2,화 0 8,49
315,3,2,화 20 24,49
315,3,2,화 24 32,66
315,3,2,화 8 16,60
316,3,2,금 0 12,0
316,3,2,목 16 24,59
316,3,2,목 24 29,27
316,3,2,목 4 8,42
316,3,2,목 8 12,60
316,3,2,수 0 8,54
316,3,2,수 12 16,66
316,3,2,수 16 24,17
316,3,2,수 24 36,47
316,3,2,수 8 12,74
316,3,2,월 0 4,54
316,3,2,월 20 24,17
316,3,2,월 24 36,53
316,3,2,월 8 16,66
316,3,2,토 0 12,0
316,3,2,토 16 24,69
316,3,2,화 0 8,42
316,3,2,화 20 24,59
316,3,2,화 24 29,27
316,3,2,화 8 16,60
305,3,3,월 40 52,268
310,3,3,목 0 5,99
310,3,3,화 0 5,99
311,3,3,목 6 11,84
311,3,3,화 6 11,84
312,3,3,금 12 24,80
321,3,3,금 24 36,28
321,3,3,화 24 36,36
419,4,1,금 0 12,32
419,4,1,금 12 24,0
419,4,1,목 16 24,70
419,4,1,목 24 32,68
419,4,1,목 6 11,40
419,4,1,수 0 5,54
419,4,1,수 18 23,46
419,4,1,수 24 29,55
419,4,1,수 6 11,21
419,4,1,월 0 5,54
419,4,1,월 18 23,46
419,4,1,월 24 29,55
419,4,1,월 32 36,13
419,4,1,월 6 11,21
419,4,1,토 0 8,0
419,4,1,토 32 40,68
419,4,1,화 16 24,68
419,4,1,화 24 36,27
419,4,1,화 6 11,40
420,4,1,목 18 23,71
420,4,1,목 24 36,38
420,4,1,목 6 11,67
420,4,1,수 18 23,54
420,4,1,수 24 36,48
420,4,1,수 6 11,62
420,4,1,월 18 23,54
420,4,1,월 24 36,57
420,4,1,월 6 11,62
420,4,1,토 16 28,80
420,4,1,토 28 40,0
420,4,1,토 28 40,52
420,4,1,토 8 16,0
420,4,1,화 18 23,71
420,4,1,화 24 36,94
420,4,1,화 6 11,67
421,4,1,금 0 12,8
421,4,1,목 12 16,16
421,4,1,목 16 24,14
421,4,1,목 24 36,16
421,4,1,수 0 16,0
421,4,1,수 24 29,28
421,4,1,수 32 44,30
421,4,1,월 24 29,28
421,4,1,월 32 36,11
422,4,1,금 16 20,24
422,4,1,수 0 5,19
422,4,1,수 16 24,24
422,4,1,수 24 36,17
422,4,1,수 8 12,25
422,4,1,월 0 5,19
422,4,1,월 24 36,14
422,4,1,월 8 16,25
422,4,1,화 24 36,21
410,4,2,금 24 36,30
410,4,2,목 24 29,22
410,4,2,수 0 12,27
410,4,2,수 24 36,43
410,4,2,월 24 36,43
410,4,2,화 24 29,22
412,4,2,금 0 12,65
412,4,2,금 12 24,46
412,4,2,목 0 5,99
412,4,2,목 18 23,100
412,4,2,목 24 29,74
412,4,2,목 6 11,85
412,4,2,수 12 16,17
412,4,2,수 18 23,62
412,4,2,수 24 29,29
412,4,2,수 32 36,18
412,4,2,수 6 11,99
412,4,2,월 12 16,17
412,4,2,월 18 23,62
412,4,2,월 24 29,29
412,4,2,월 6 11,99
412,4,2,화 0 5,99
412,4,2,화 18 23,100
412,4,2,화 24 29,74
412,4,2,화 6 11,85
414,4,2,금 0 16,22
414,4,2,금 16 32,39
414,4,2,목 0 8,57
414,4,2,목 20 24,17
414,4,2,목 24 36,59
414,4,2,목 8 12,16
414,4,2,수 0 16,24
414,4,2,수 16 24,0
414,4,2,수 24 36,87
414,4,2,월 16 24,12
414,4,2,월 24 36,63
414,4,2,화 16 24,17
414,4,2,화 24 32,40
414,4,2,화 8 16,16
417,4,2,목 20 24,22
417,4,2,목 24 36,70
417,4,2,목 8 16,20
417,4,2,수 0 8,39
417,4,2,수 16 24,31
417,4,2,수 8 16,58
417,4,2,월 0 8,27
417,4,2,월 16 24,45
417,4,2,월 24 32,45
417,4,2,월 32 36,11
417,4,2,월 8 16,12
417,4,2,토 32 40,0
417,4,2,토 8 20,0
417,4,2,화 16 24,22
417,4,2,화 24 36,50
417,4,2,화 8 12,20
418,4,2,목 16 24,42
418,4,2,목 24 36,26
418,4,2,목 8 12,34
418,4,2,수 0 8,69
418,4,2,수 16 24,49
418,4,2,수 24 36,37
418,4,2,수 8 12,44
418,4,2,월 16 24,33
418,4,2,월 24 36,29
418,4,2,월 8 16,44
418,4,2,토 20 28,0
418,4,2,화 16 32,28
418,4,2,화 8 16,34
502,5,1,목 0 12,42
502,5,1,월 12 16,17
503,5,1,월 24 36,33
505,5,1,수 24 36,64
505,5,1,월 6 11,95
512,5,1,수 24 36,39
513,5,1,월 24 36,49
517,5,1,금 0 8,39
517,5,1,수 16 24,70
517,5,1,수 24 32,80
518,5,1,화 8 16,65
519,5,1,금 36 40,11
519,5,1,금 8 12,43
519,5,1,목 16 24,68
519,5,1,목 28 32,58
519,5,1,목 32 56,47
519,5,1,수 16 24,52
519,5,1,수 24 32,27
519,5,1,수 8 12,74
519,5,1,월 20 24,52
519,5,1,월 24 28,27
519,5,1,월 32 36,11
519,5,1,월 8 16,74
519,5,1,토 0 24,12
519,5,1,화 0 8,45
519,5,1,화 16 20,68
519,5,1,화 20 24,55
519,5,1,화 24 32,58
519,5,1,화 8 16,43
520,5,1,금 16 24,44
520,5,1,금 36 40,11
520,5,1,금 8 16,33
520,5,1,목 0 8,70
520,5,1,목 16 24,31
520,5,1,목 24 28,47
520,5,1,목 8 16,22
520,5,1,수 16 24,34
520,5,1,수 8 16,55
520,5,1,월 16 20,34
520,5,1,월 20 24,31
520,5,1,월 24 28,35
520,5,1,월 28 40,53
520,5,1,화 0 8,41
520,5,1,화 12 16,33
520,5,1,화 20 24,31
520,5,1,화 24 32,47
520,5,1,화 36 44,37
520,5,1,화 8 12,22
521,5,1,목 16 24,49
521,5,1,목 24 36,43
521,5,1,수 0 16,0
521,5,1,수 16 24,44
521,5,1,월 16 24,41
521,5,1,월 8 16,40
521,5,1,화 0 8,45
521,5,1,화 24 32,45
521,5,1,화 8 16,37
523,5,1,금 16 40,13
523,5,1,금 8 16,44
523,5,1,목 16 24,49
523,5,1,목 24 36,27
523,5,1,수 0 16,17
523,5,1,월 16 20,31
523,5,1,월 20 24,8
523,5,1,월 8 16,44
523,5,1,화 0 8,30
523,5,1,화 16 40,13
502,5,2,금 0 8,19
502,5,2,목 24 29,17
502,5,2,수 12 16,17
502,5,2,수 16 24,45
502,5,2,수 24 32,45
502,5,2,월 24 36,9
502,5,2,화 24 29,17
502,5,2,화 8 16,45
503,5,2,금 0 12,32
503,5,2,목 12 16,17
503,5,2,목 18 23,0
503,5,2,목 6 11,49
503,5,2,수 12 16,17
503,5,2,수 18 23,46
503,5,2,수 24 36,52
503,5,2,수 6 11,9
503,5,2,월 18 23,46
503,5,2,월 6 11,9
503,5,2,화 18 23,0
503,5,2,화 6 11,49
505,5,2,금 12 24,133
512,5,2,금 12 24,19
512,5,2,금 24 36,27
512,5,2,목 18 23,15
512,5,2,목 24 36,17
512,5,2,수 0 12,38
512,5,2,월 24 32,39
512,5,2,월 4 12,38
512,5,2,화 18 23,15
512,5,2,화 24 32,17
513,5,2,목 30 35,0
513,5,2,목 40 52,15
513,5,2,수 24 32,44
513,5,2,화 30 35,0
514,5,2,금 24 36,69
514,5,2,금 36 40,11
514,5,2,금 8 16,47
514,5,2,목 16 20,67
514,5,2,목 20 24,51
514,5,2,목 24 32,48
514,5,2,목 4 8,44
514,5,2,목 8 16,0
514,5,2,수 16 24,70
514,5,2,수 24 28,80
514,5,2,수 8 12,90
514,5,2,월 0 8,45
514,5,2,월 20 24,70
514,5,2,월 24 32,80
514,5,2,월 32 56,31
514,5,2,월 8 16,90
514,5,2,화 0 8,44
514,5,2,화 12 16,47
514,5,2,화 16 24,67
514,5,2,화 28 32,48
514,5,2,화 8 12,0
517,5,2,금 24 36,70
517,5,2,금 36 40,11
517,5,2,금 8 16,58
517,5,2,목 0 8,41
517,5,2,목 16 24,55
517,5,2,목 24 32,60
517,5,2,목 8 12,64
517,5,2,수 0 4,46
517,5,2,수 32 56,32
517,5,2,수 8 12,55
517,5,2,월 0 8,46
517,5,2,월 20 24,70
517,5,2,월 24 28,80
517,5,2,월 28 40,42
517,5,2,월 8 16,55
517,5,2,토 0 24,12
517,5,2,화 0 8,55
517,5,2,화 16 24,51
517,5,2,화 24 32,70
517,5,2,화 32 36,11
517,5,2,화 8 16,64
518,5,2,금 16 40,48
518,5,2,목 20 24,52
518,5,2,목 24 32,46
518,5,2,목 8 12,65
518,5,2,수 0 8,44
518,5,2,수 16 20,37
518,5,2,수 24 28,64
518,5,2,수 8 12,41
518,5,2,월 16 24,37
518,5,2,월 24 32,64
518,5,2,월 32 36,11
518,5,2,월 8 16,74
518,5,2,화 16 24,52
518,5,2,화 24 28,46
518,5,2,화 32 56,48
502,5,3,금 12 16,17
502,5,3,목 36 48,30
502,5,3,토 0 8,40
502,5,3,토 8 16,0
503,5,3,수 36 48,31
503,5,3,월 12 16,19
505,5,3,금 0 12,134
505,5,3,목 12 24,80
505,5,3,목 24 29,46
505,5,3,목 6 11,122
505,5,3,수 6 11,95
505,5,3,화 12 24,77
505,5,3,화 24 29,46
505,5,3,화 6 11,122
512,5,3,수 18 23,41
512,5,3,월 18 23,41
513,5,3,금 0 12,31
513,5,3,금 12 24,70
513,5,3,목 12 16,9
513,5,3,목 18 23,78
513,5,3,목 24 29,80
513,5,3,목 6 11,78
513,5,3,수 12 16,40
513,5,3,수 6 11,70
513,5,3,월 6 11,70
513,5,3,화 18 23,78
513,5,3,화 24 29,80
513,5,3,화 6 11,78
517,5,3,수 12 16,58
520,5,3,수 24 32,35
520,5,3,월 12 16,55
520,5,3,월 6 11,36
521,5,3,금 0 8,30
521,5,3,수 24 36,32
521,5,3,월 24 36,36
523,5,3,목 0 12,39
523,5,3,수 16 24,31
523,5,3,수 24 36,47
523,5,3,월 24 36,57
523,5,3,화 8 16,19
602,6,1,수 16 24,44
603,6,1,수 6 11,37
603,6,1,월 6 11,37
605,6,1,목 24 36,103
612,6,1,금 8 12,59
613,6,1,수 16 24,84
613,6,1,수 24 36,71
617,6,1,목 24 36,63
617,6,1,수 8 16,80
618,6,1,금 20 36,47
618,6,1,금 8 16,65
618,6,1,목 12 17,66
618,6,1,목 20 24,58
618,6,1,목 24 32,32
618,6,1,목 4 8,0
618,6,1,수 0 5,37
618,6,1,수 12 17,16
618,6,1,수 18 23,33
618,6,1,수 24 29,50
618,6,1,월 0 5,37
618,6,1,월 12 17,16
618,6,1,월 18 23,33
618,6,1,월 24 29,50
618,6,1,화 0 8,0
618,6,1,화 12 17,66
618,6,1,화 24 32,32
619,6,1,금 16 24,34
619,6,1,목 16 20,68
619,6,1,목 20 24,100
619,6,1,목 24 32,54
619,6,1,목 4 8,100
619,6,1,목 8 16,64
619,6,1,수 0 8,82
619,6,1,수 24 28,84
619,6,1,수 8 16,83
619,6,1,월 0 8,69
619,6,1,월 16 24,81
619,6,1,월 24 32,32
619,6,1,월 8 16,86
619,6,1,화 0 8,100
619,6,1,화 16 24,100
619,6,1,화 24 36,100
619,6,1,화 8 16,68
620,6,1,금 12 16,50
620,6,1,수 8 16,50
620,6,1,월 0 8,33
620,6,1,월 16 24,59
620,6,1,월 24 32,41
620,6,1,월 36 44,45
620,6,1,월 8 16,33
620,6,1,화 0 8,28
620,6,1,화 24 32,45
620,6,1,화 8 16,44
622,6,1,금 12 16,61
622,6,1,목 8 16,61
622,6,1,수 24 28,59
622,6,1,월 16 20,61
622,6,1,월 24 32,44
622,6,1,화 16 24,22
622,6,1,화 24 36,0
622,6,1,화 8 16,34
601,6,2,금 8 12,17
601,6,2,목 12 24,56
601,6,2,수 16 24,45
601,6,2,수 8 16,54
602,6,2,목 18 23,30
602,6,2,목 24 36,59
602,6,2,수 6 11,57
602,6,2,월 24 36,38
602,6,2,월 6 11,57
602,6,2,화 18 23,30
603,6,2,금 12 24,16
603,6,2,금 24 36,59
603,6,2,목 18 23,59
603,6,2,수 12 24,55
603,6,2,수 24 36,46
603,6,2,화 18 23,59
605,6,2,금 12 24,89
605,6,2,수 24 36,107
607,6,2,목 0 12,49
607,6,2,수 0 12,50
607,6,2,수 12 24,50
607,6,2,수 24 36,48
607,6,2,토 0 8,42
607,6,2,토 8 16,41
607,6,2,화 12 24,50
607,6,2,화 24 36,49
607,6,2,화 36 48,43
611,6,2,금 0 12,98
611,6,2,목 0 5,80
611,6,2,목 40 52,58
611,6,2,수 0 12,79
611,6,2,수 12 24,100
611,6,2,수 24 29,73
611,6,2,수 30 35,49
611,6,2,월 24 29,73
611,6,2,월 30 35,49
611,6,2,화 0 5,80
612,6,2,목 6 11,44
612,6,2,수 24 29,78
612,6,2,월 24 29,78
612,6,2,화 24 36,33
612,6,2,화 6 11,44
613,6,2,금 16 24,84
613,6,2,목 0 8,32
613,6,2,목 12 16,68
613,6,2,목 24 28,84
613,6,2,목 8 12,90
613,6,2,수 0 8,39
613,6,2,수 8 16,89
613,6,2,월 0 8,84
613,6,2,월 12 16,89
613,6,2,월 16 24,80
613,6,2,월 24 32,100
613,6,2,화 16 24,84
613,6,2,화 24 32,84
613,6,2,화 4 8,32
613,6,2,화 8 16,90
616,6,2,금 16 20,84
616,6,2,금 20 24,86
616,6,2,금 24 32,84
616,6,2,목 16 20,84
616,6,2,목 24 28,75
616,6,2,목 28 32,0
616,6,2,목 4 8,83
616,6,2,목 8 16,78
616,6,2,수 0 4,84
616,6,2,수 16 20,84
616,6,2,수 20 24,81
616,6,2,수 4 8,69
616,6,2,수 8 12,86
616,6,2,월 12 16,83
616,6,2,월 4 8,82
616,6,2,화 0 8,83
616,6,2,화 16 24,44
616,6,2,화 24 32,75
616,6,2,화 8 16,45
617,6,2,금 0 12,46
617,6,2,금 20 24,58
617,6,2,목 16 24,45
617,6,2,목 4 8,52
617,6,2,목 8 16,24
617,6,2,수 16 20,80
617,6,2,수 20 24,34
617,6,2,수 28 32,32
617,6,2,월 16 24,80
617,6,2,월 24 32,80
617,6,2,월 4 8,39
617,6,2,월 8 12,80
617,6,2,화 0 8,52
617,6,2,화 12 16,61
617,6,2,화 16 24,58
617,6,2,화 24 32,0
617,6,2,화 8 12,78
601,6,3,목 24 29,43
601,6,3,수 24 32,45
601,6,3,월 12 24,16
601,6,3,화 16 20,43
601,6,3,화 24 29,43
602,6,3,수 24 32,19
603,6,3,목 24 29,53
603,6,3,월 24 36,0
603,6,3,화 24 29,53
605,6,3,금 24 36,89
605,6,3,금 40 52,51
605,6,3,목 12 24,73
605,6,3,월 0 12,71
605,6,3,월 24 36,151
605,6,3,화 40 52,79
607,6,3,목 12 24,48
611,6,3,금 12 24,25
611,6,3,금 24 36,89
611,6,3,목 18 23,79
611,6,3,화 18 23,79
612,6,3,금 12 24,49
612,6,3,목 18 23,49
612,6,3,수 12 24,73
612,6,3,수 6 11,45
612,6,3,월 6 11,45
612,6,3,화 18 23,49
616,6,3,수 24 36,81
616,6,3,월 24 36,18
618,6,3,수 6 11,32
618,6,3,월 6 11,32
619,6,3,수 16 24,86
620,6,3,목 24 36,61
620,6,3,수 24 36,31
622,6,3,금 8 12,33
622,6,3,목 24 36,51
622,6,3,수 16 24,61
622,6,3,수 8 16,61
629,6,3,금 32 48,8
630,6,3,금 32 48,6
633,6,3,금 32 48,8
634,6,3,금 32 48,7
635,6,3,금 32 48,8
636,6,3,금 32 48,5
637,6,3,금 32 48,7
638,6,3,금 32 48,6
639,6,3,금 32 48,6
640,6,3,금 32 48,8
641,6,3,금 32 48,7
701,7,1,목 24 29,78
701,7,1,수 24 32,45
701,7,1,화 24 29,78
703,7,1,금 8 16,43
704,7,1,금 12 24,15
704,7,1,수 24 29,12
704,7,1,월 24 29,12
705,7,1,수 24 29,49
705,7,1,월 24 29,49
717,7,1,수 6 11,17
717,7,1,월 6 11,17
721,7,1,금 24 36,33
721,7,1,수 6 11,97
721,7,1,월 6 11,97
722,7,1,목 6 11,82
722,7,1,화 6 11,82
727,7,1,수 0 8,53
727,7,1,수 12 16,24
728,7,1,금 8 12,80
728,7,1,목 16 20,81
728,7,1,목 20 24,31
728,7,1,목 24 32,81
728,7,1,목 8 16,49
728,7,1,수 16 20,18
728,7,1,수 20 24,81
728,7,1,수 8 16,73
728,7,1,월 16 24,81
728,7,1,월 24 28,80
728,7,1,월 8 16,80
728,7,1,화 16 24,31
728,7,1,화 24 32,28
728,7,1,화 8 12,49
729,7,1,금 16 20,29
729,7,1,목 12 16,65
729,7,1,목 16 24,48
729,7,1,수 16 24,29
729,7,1,수 28 40,78
729,7,1,화 20 24,48
730,7,1,금 12 28,17
730,7,1,목 20 36,21
730,7,1,목 36 48,25
730,7,1,화 20 36,22
730,7,1,화 36 48,25
731,7,1,금 12 16,24
731,7,1,금 16 20,21
731,7,1,금 20 36,21
731,7,1,목 8 12,19
731,7,1,수 16 24,24
731,7,1,수 8 16,24
731,7,1,월 16 24,24
731,7,1,화 8 16,19
701,7,2,금 12 24,70
701,7,2,목 18 23,76
701,7,2,수 0 8,60
701,7,2,월 24 36,15
701,7,2,화 18 23,76
702,7,2,금 12 24,33
702,7,2,목 6 11,77
702,7,2,수 18 23,0
702,7,2,수 24 29,78
702,7,2,수 6 11,42
702,7,2,월 18 23,0
702,7,2,월 24 29,78
702,7,2,월 6 11,42
702,7,2,화 6 11,77
703,7,2,수 18 23,57
703,7,2,수 24 29,61
703,7,2,수 6 11,75
703,7,2,월 18 23,57
703,7,2,월 24 29,61
703,7,2,월 6 11,75
703,7,2,화 12 24,36
704,7,2,금 0 12,25
704,7,2,금 24 36,52
704,7,2,목 0 5,34
704,7,2,수 12 16,16
704,7,2,화 0 5,34
705,7,2,금 0 12,12
705,7,2,목 24 36,12
705,7,2,목 6 11,26
705,7,2,수 6 11,32
705,7,2,월 6 11,32
705,7,2,화 24 36,10
705,7,2,화 6 11,26
717,7,2,목 0 5,47
717,7,2,목 12 24,46
717,7,2,목 6 11,23
717,7,2,수 18 23,37
717,7,2,수 24 36,48
717,7,2,월 18 23,37
717,7,2,토 0 8,41
717,7,2,토 8 16,43
717,7,2,화 0 5,47
717,7,2,화 24 36,48
717,7,2,화 6 11,23
721,7,2,금 40 52,48
721,7,2,목 0 5,87
721,7,2,목 12 24,63
721,7,2,목 24 36,100
721,7,2,목 40 52,79
721,7,2,목 6 11,90
721,7,2,수 0 5,0
721,7,2,수 24 36,77
721,7,2,수 40 52,58
721,7,2,월 0 5,0
721,7,2,월 24 36,78
721,7,2,화 0 5,87
721,7,2,화 24 36,77
721,7,2,화 40 52,60
721,7,2,화 6 11,90
722,7,2,목 24 36,84
722,7,2,수 8 16,60
722,7,2,화 24 36,84
723,7,2,금 20 32,89
723,7,2,목 16 24,99
723,7,2,목 24 32,68
723,7,2,목 8 16,69
723,7,2,수 16 20,80
723,7,2,수 28 32,100
723,7,2,수 4 8,91
723,7,2,수 8 16,92
723,7,2,월 0 8,91
723,7,2,월 12 16,92
723,7,2,월 16 24,18
723,7,2,월 24 32,81
723,7,2,화 16 20,45
723,7,2,화 20 24,99
723,7,2,화 24 36,11
726,7,2,목 24 32,45
726,7,2,목 36 44,45
726,7,2,목 8 12,80
726,7,2,수 16 24,29
726,7,2,수 24 28,81
726,7,2,수 28 40,31
726,7,2,수 8 16,75
726,7,2,월 0 8,50
726,7,2,월 16 24,59
726,7,2,월 8 12,75
726,7,2,화 16 24,81
726,7,2,화 28 32,81
726,7,2,화 8 16,80
727,7,2,금 4 8,53
727,7,2,목 16 20,80
727,7,2,목 4 8,70
727,7,2,목 8 16,35
727,7,2,수 16 24,81
727,7,2,수 24 28,80
727,7,2,수 28 32,38
727,7,2,월 16 20,81
727,7,2,월 20 24,29
727,7,2,월 24 32,38
727,7,2,월 8 16,24
727,7,2,화 0 8,70
727,7,2,화 16 24,80
727,7,2,화 24 32,44
727,7,2,화 8 12,35
701,7,3,목 0 8,60
701,7,3,목 30 35,78
701,7,3,수 12 24,73
701,7,3,화 30 35,78
702,7,3,목 18 23,77
702,7,3,목 24 29,73
702,7,3,목 30 35,58
702,7,3,수 30 35,78
702,7,3,월 30 35,78
702,7,3,화 18 23,77
702,7,3,화 24 29,73
702,7,3,화 30 35,58
703,7,3,금 0 8,41
703,7,3,목 24 29,71
703,7,3,수 30 35,0
703,7,3,월 30 35,0
703,7,3,월 32 36,20
703,7,3,화 24 29,71
704,7,3,목 18 23,45
704,7,3,목 24 29,13
704,7,3,수 30 35,50
704,7,3,월 12 24,68
704,7,3,월 30 35,50
704,7,3,화 18 23,45
704,7,3,화 24 29,13
721,7,3,금 0 12,70
721,7,3,수 18 23,99
721,7,3,월 18 23,99
721,7,3,화 12 24,25
722,7,3,목 0 5,82
722,7,3,목 18 23,76
722,7,3,수 18 23,80
722,7,3,수 24 29,84
722,7,3,월 18 23,80
722,7,3,월 24 29,84
722,7,3,화 0 5,82
722,7,3,화 18 23,76
726,7,3,금 12 24,79
726,7,3,월 24 36,45
727,7,3,금 12 24,54
728,7,3,금 12 24,81
728,7,3,금 24 36,78
728,7,3,수 0 8,58
728,7,3,수 24 32,80
729,7,3,금 8 16,39
729,7,3,목 6 11,68
729,7,3,수 12 16,39
729,7,3,수 6 11,47
729,7,3,월 6 11,47
729,7,3,화 6 11,68
730,7,3,수 24 29,29
730,7,3,수 6 11,24
730,7,3,월 24 29,29
730,7,3,월 6 11,24
731,7,3,목 24 29,22
731,7,3,수 24 29,9
731,7,3,월 24 29,9
731,7,3,화 24 29,22
801,8,2,금 16 24,44
801,8,2,금 8 16,12
801,8,2,목 6 11,79
801,8,2,수 24 29,78
801,8,2,월 24 29,78
801,8,2,화 24 36,75
801,8,2,화 6 11,79
802,8,2,금 0 12,77
802,8,2,금 24 36,76
802,8,2,수 18 23,66
802,8,2,수 6 11,42
802,8,2,월 18 23,66
802,8,2,월 6 11,42
802,8,2,토 0 8,45
802,8,2,토 8 16,44
803,8,2,금 12 24,78
803,8,2,수 40 52,36
803,8,2,토 8 16,60
804,8,2,목 12 24,80
804,8,2,목 40 52,16
804,8,2,수 18 23,80
804,8,2,수 24 29,15
804,8,2,월 18 23,80
804,8,2,월 24 29,15
804,8,2,월 40 52,32
804,8,2,화 40 52,38
818,8,2,금 24 36,55
818,8,2,목 0 12,100
818,8,2,목 12 24,90
818,8,2,목 24 36,37
818,8,2,목 40 52,55
818,8,2,수 30 35,97
818,8,2,수 40 52,71
818,8,2,월 30 35,97
818,8,2,화 0 12,99
818,8,2,화 12 24,47
818,8,2,화 24 36,48
819,8,2,금 40 52,54
819,8,2,목 24 36,80
819,8,2,토 16 28,60
819,8,2,화 12 24,80
801,8,3,목 0 5,78
801,8,3,목 24 32,75
801,8,3,수 0 12,43
801,8,3,월 12 24,79
801,8,3,토 0 12,14
801,8,3,화 0 5,78
802,8,3,금 12 16,17
802,8,3,목 12 16,17
802,8,3,목 18 23,78
802,8,3,목 24 28,17
802,8,3,목 28 32,17
802,8,3,목 6 11,32
802,8,3,수 12 16,17
802,8,3,수 24 36,51
802,8,3,월 12 16,18
802,8,3,화 18 23,78
802,8,3,화 6 11,32
803,8,3,금 0 12,36
803,8,3,목 12 16,15
803,8,3,목 18 23,60
803,8,3,목 24 29,69
803,8,3,목 30 35,57
803,8,3,목 6 11,37
803,8,3,수 0 12,45
803,8,3,수 12 16,17
803,8,3,수 24 36,44
803,8,3,월 20 24,18
803,8,3,토 0 8,45
803,8,3,화 18 23,60
803,8,3,화 24 29,69
803,8,3,화 30 35,57
803,8,3,화 6 11,37
804,8,3,금 0 12,75
804,8,3,목 6 11,58
804,8,3,수 0 5,79
804,8,3,수 36 44,46
804,8,3,월 0 5,79
804,8,3,토 0 12,54
804,8,3,화 6 11,58
809,8,3,목 0 5,33
809,8,3,목 18 23,45
809,8,3,수 24 29,32
809,8,3,월 24 29,32
809,8,3,토 0 8,43
809,8,3,토 8 16,44
809,8,3,화 0 5,33
809,8,3,화 18 23,45
818,8,3,금 0 12,87
818,8,3,금 12 24,79
818,8,3,수 18 23,100
818,8,3,수 24 29,58
818,8,3,월 18 23,100
818,8,3,월 24 29,58
818,8,3,토 8 16,45
819,8,3,금 16 24,45
819,8,3,금 24 36,69
819,8,3,금 8 16,17
819,8,3,목 12 24,81
819,8,3,목 40 52,41
819,8,3,목 6 11,52
819,8,3,수 18 23,0
819,8,3,수 24 29,58
819,8,3,수 40 52,53
819,8,3,수 6 11,56
819,8,3,월 18 23,0
819,8,3,월 24 29,58
819,8,3,월 40 52,28
819,8,3,월 6 11,56
819,8,3,토 0 8,45
819,8,3,토 8 16,44
819,8,3,화 24 36,80
819,8,3,화 40 52,60
819,8,3,화 6 11,52
927,9,1,금 0 12,58
927,9,1,금 12 24,69
927,9,1,금 24 36,11
927,9,1,금 40 52,51
927,9,1,목 0 12,45
927,9,1,목 18 23,51
927,9,1,목 24 29,72
927,9,1,목 40 52,24
927,9,1,수 18 23,74
927,9,1,수 24 29,34
927,9,1,수 40 52,32
927,9,1,수 6 11,78
927,9,1,월 18 23,74
927,9,1,월 24 29,34
927,9,1,월 40 52,31
927,9,1,월 6 11,78
927,9,1,토 0 12,48
927,9,1,토 16 28,65
927,9,1,토 28 40,35
927,9,1,화 18 23,51
927,9,1,화 24 29,72
927,9,1,화 40 52,60
928,9,1,금 0 12,38
928,9,1,금 12 24,33
928,9,1,목 18 23,74
928,9,1,목 24 32,60
928,9,1,목 6 11,80
928,9,1,수 18 23,55
928,9,1,수 24 29,68
928,9,1,수 40 52,57
928,9,1,수 6 11,69
928,9,1,월 18 23,55
928,9,1,월 24 29,68
928,9,1,월 40 52,49
928,9,1,월 6 11,69
928,9,1,토 0 12,56
928,9,1,토 16 28,59
928,9,1,화 18 23,74
928,9,1,화 40 52,60
928,9,1,화 6 11,80
932,9,1,금 0 8,44
932,9,1,금 16 24,12
932,9,1,금 8 16,43
932,9,1,목 18 23,55
932,9,1,목 24 36,20
932,9,1,수 0 5,39
932,9,1,수 24 29,56
932,9,1,수 6 11,12
932,9,1,월 0 5,39
932,9,1,월 24 29,56
932,9,1,월 6 11,12
932,9,1,화 18 23,55
920,9,2,금 0 12,70
920,9,2,금 24 36,89
920,9,2,금 40 52,80
920,9,2,목 0 5,81
920,9,2,목 12 16,16
920,9,2,목 18 23,99
920,9,2,목 24 29,100
920,9,2,목 30 35,24
920,9,2,목 40 52,67
920,9,2,목 6 11,95
920,9,2,수 12 17,80
920,9,2,수 24 36,39
920,9,2,수 40 52,67
920,9,2,수 6 11,84
920,9,2,월 12 17,80
920,9,2,월 24 36,96
920,9,2,월 40 52,58
920,9,2,월 6 11,84
920,9,2,토 0 12,0
920,9,2,토 16 28,54
920,9,2,토 28 40,34
920,9,2,화 0 5,81
920,9,2,화 18 23,99
920,9,2,화 24 29,100
920,9,2,화 30 35,24
920,9,2,화 40 52,41
920,9,2,화 6 11,95
921,9,2,금 0 12,65
921,9,2,금 12 24,78
921,9,2,금 24 36,25
921,9,2,금 40 52,44
921,9,2,목 12 16,11
921,9,2,목 24 29,80
921,9,2,목 40 52,56
921,9,2,목 6 11,80
921,9,2,수 0 12,80
921,9,2,수 24 29,80
921,9,2,수 30 35,20
921,9,2,수 40 52,26
921,9,2,월 24 29,80
921,9,2,월 30 35,20
921,9,2,월 40 52,51
921,9,2,토 0 12,28
921,9,2,토 20 32,68
921,9,2,화 12 24,47
921,9,2,화 24 29,80
921,9,2,화 40 52,62
921,9,2,화 6 11,80
922,9,2,금 0 12,43
922,9,2,금 24 36,59
922,9,2,금 40 52,40
922,9,2,목 18 23,35
922,9,2,목 24 36,46
922,9,2,목 40 52,49
922,9,2,목 6 11,80
922,9,2,수 12 17,78
922,9,2,수 18 23,57
922,9,2,수 24 29,26
922,9,2,수 40 52,65
922,9,2,수 6 11,0
922,9,2,월 12 17,78
922,9,2,월 18 23,57
922,9,2,월 24 29,26
922,9,2,월 40 52,41
922,9,2,월 6 11,0
922,9,2,토 0 8,41
922,9,2,토 16 28,61
922,9,2,토 28 40,59
922,9,2,토 8 16,43
922,9,2,화 18 23,35
922,9,2,화 24 36,83
922,9,2,화 40 56,52
922,9,2,화 6 11,80
925,9,2,금 0 12,33
925,9,2,금 24 36,71
925,9,2,금 40 52,68
925,9,2,목 0 5,78
925,9,2,목 12 16,8
925,9,2,목 18 23,80
925,9,2,목 24 29,75
925,9,2,목 40 52,33
925,9,2,목 6 11,74
925,9,2,수 0 5,15
925,9,2,수 18 23,79
925,9,2,수 24 29,75
925,9,2,수 40 52,62
925,9,2,수 6 11,68
925,9,2,월 0 5,15
925,9,2,월 12 16,17
925,9,2,월 18 23,79
925,9,2,월 24 29,75
925,9,2,월 40 52,60
925,9,2,월 6 11,68
925,9,2,토 0 12,55
925,9,2,토 16 28,64
925,9,2,토 28 40,45
925,9,2,화 0 5,78
925,9,2,화 18 23,80
925,9,2,화 24 29,75
925,9,2,화 40 52,22
925,9,2,화 6 11,74
926,9,2,금 0 12,76
926,9,2,금 40 52,33
926,9,2,목 12 16,17
926,9,2,목 18 23,79
926,9,2,목 24 29,53
926,9,2,목 40 52,45
926,9,2,목 6 11,55
926,9,2,수 0 5,78
926,9,2,수 12 16,17
926,9,2,수 18 23,79
926,9,2,수 24 36,65
926,9,2,수 40 52,45
926,9,2,수 6 11,80
926,9,2,월 0 5,78
926,9,2,월 18 23,79
926,9,2,월 40 52,53
926,9,2,월 6 11,80
926,9,2,토 0 12,67
926,9,2,토 16 28,36
926,9,2,화 18 23,79
926,9,2,화 24 29,53
926,9,2,화 40 52,14
926,9,2,화 6 11,55
