쏮쥃컠왠,좾탺,찗써왇 초,,,,x촥킨,y촥킨,쫚쌲킨,,,,,,,,x촥킨-raw,y촥킨-raw
C,401,421,422,,,168.00 ,125.00 ,,,,,,,,,177,132
C,402,421,,,,157.00 ,125.00 ,,,,,,,,,166,132
C,403,420,421,,,151.00 ,125.00 ,,,,,,,,,160,132
C,404,420,421,,,146.00 ,125.00 ,,,,,,,,,155,132
C,405,420,421,,,141.00 ,125.00 ,,,,,,,,,150,132
C,406,420,,,,131.00 ,125.00 ,,,,,,,,,140,132
C,407,420,421,,,136.00 ,125.00 ,,,,,,,,,145,132
C,408,412,419,,,89.00 ,125.00 ,,,,,,,,,98,132
C,409,412,419,,,73.00 ,116.00 ,,,,,,,,,82,123
C,410,407,412,,,82.00 ,98.00 ,,,,,,,,,91,105
C,411,407,412,,,87.00 ,86.00 ,,,,,,,,,96,93
C,412,418,424,,,48.00 ,126.00 ,,,,,,,,,57,133
C,413,402,418,,,61.00 ,104.00 ,,,,,,,,,70,111
C,414,402,418,,,71.00 ,83.00 ,,,,,,,,,80,90
C,415,402,418,,,80.00 ,66.00 ,,,,,,,,,89,73
C,416,402,,,,83.00 ,65.00 ,,,,,,,,,92,72
C,417,402,403,,,96.00 ,65.00 ,,,,,,,,,105,72
C,418,403,404,,,117.00 ,65.00 ,,,,,,,,,126,72
C,419,403,404,,,138.00 ,65.00 ,,,,,,,,,147,72
C,420,404,405,,,161.00 ,65.00 ,,,,,,,,,170,72
C,421,408,409,,,133.00 ,83.00 ,,,,,,,,,142,90
C,422,409,410,,,162.00 ,83.00 ,,,,,,,,,171,90
C,423,401,417,,,203.00 ,104.00 ,,,,,,,,,212,111
C,424,401,417,,,206.00 ,98.00 ,,,,,,,,,215,105
C,425,401,417,,,213.00 ,86.00 ,,,,,,,,,222,93
C,426,401,417,,,216.00 ,80.00 ,,,,,,,,,225,87
C,427,401,417,,,220.00 ,73.00 ,,,,,,,,,229,80
C,428,401,417,,,223.00 ,68.00 ,,,,,,,,,232,75
C,429,401,417,,,227.00 ,61.00 ,,,,,,,,,236,68
C,430,401,417,,,227.00 ,61.00 ,,,,,,,,,236,68
C,431,401,417,,,223.00 ,68.00 ,,,,,,,,,232,75
C,432,401,417,,,220.00 ,73.00 ,,,,,,,,,229,80
C,433,401,417,,,216.00 ,80.00 ,,,,,,,,,225,87
C,434,401,417,,,213.00 ,85.00 ,,,,,,,,,222,92
C,435,401,417,,,210.00 ,92.00 ,,,,,,,,,219,99
C,436,401,417,,,206.00 ,98.00 ,,,,,,,,,215,105
C,437,401,417,,,203.00 ,104.00 ,,,,,,,,,212,111
C,438,417,423,,,200.00 ,111.00 ,,,,,,,,,209,118
C,439,417,423,,,197.00 ,117.00 ,,,,,,,,,206,124
C,440,417,423,,,194.00 ,121.00 ,,,,,,,,,203,128
C,441,422,423,,,191.00 ,123.00 ,,,,,,,,,200,130
C,501,521,522,,,168.00 ,125.00 ,,,,,,,,,177,132
C,502,520,521,,,151.00 ,125.00 ,,,,,,,,,160,132
C,503,520,521,,,134.00 ,125.00 ,,,,,,,,,143,132
C,504,520,521,,,135.00 ,125.00 ,,,,,,,,,144,132
C,505,510,511,,,111.00 ,116.00 ,,,,,,,,,120,123
C,506,518,519,,,93.00 ,125.00 ,,,,,,,,,102,132
C,507,505,518,,,71.00 ,118.00 ,,,,,,,,,80,125
C,508,505,518,,,75.00 ,111.00 ,,,,,,,,,84,118
C,509,505,518,,,79.00 ,105.00 ,,,,,,,,,88,112
C,510,505,518,,,83.00 ,96.00 ,,,,,,,,,92,103
C,511,505,518,,,86.00 ,88.00 ,,,,,,,,,95,95
C,512,517,524,,,48.00 ,126.00 ,,,,,,,,,57,133
C,513,502,517,,,60.00 ,104.00 ,,,,,,,,,69,111
C,514,502,517,,,71.00 ,83.00 ,,,,,,,,,80,90
C,515,502,517,,,79.00 ,69.00 ,,,,,,,,,88,76
C,516,502,503,,,82.00 ,65.00 ,,,,,,,,,91,72
C,517,502,503,,,96.00 ,65.00 ,,,,,,,,,105,72
C,518,503,504,,,117.00 ,65.00 ,,,,,,,,,126,72
C,519,503,504,,,138.00 ,65.00 ,,,,,,,,,147,72
C,520,503,504,,,162.00 ,65.00 ,,,,,,,,,171,72
C,521,506,507,,,137.00 ,83.00 ,,,,,,,,,146,90
C,522,507,508,,,151.00 ,83.00 ,,,,,,,,,160,90
C,523,507,508,,,163.00 ,83.00 ,,,,,,,,,172,90
C,524,501,516,,,203.00 ,104.00 ,,,,,,,,,212,111
C,525,501,516,,,207.00 ,98.00 ,,,,,,,,,216,105
C,526,501,516,,,213.00 ,85.00 ,,,,,,,,,222,92
C,527,501,516,,,216.00 ,80.00 ,,,,,,,,,225,87
C,528,501,516,,,220.00 ,73.00 ,,,,,,,,,229,80
C,529,501,516,,,223.00 ,67.00 ,,,,,,,,,232,74
C,530,501,516,,,226.00 ,61.00 ,,,,,,,,,235,68
C,531,501,516,,,226.00 ,61.00 ,,,,,,,,,235,68
C,532,501,516,,,223.00 ,67.00 ,,,,,,,,,232,74
C,533,501,516,,,220.00 ,73.00 ,,,,,,,,,229,80
C,534,501,516,,,216.00 ,80.00 ,,,,,,,,,225,87
C,535,501,516,,,213.00 ,85.00 ,,,,,,,,,222,92
C,536,501,516,,,210.00 ,92.00 ,,,,,,,,,219,99
C,537,501,516,,,207.00 ,98.00 ,,,,,,,,,216,105
C,538,501,516,,,203.00 ,104.00 ,,,,,,,,,212,111
C,539,516,523,,,200.00 ,111.00 ,,,,,,,,,209,118
C,540,516,523,,,197.00 ,117.00 ,,,,,,,,,206,124
C,541,516,523,,,194.00 ,121.00 ,,,,,,,,,203,128
C,542,516,523,,,190.00 ,124.00 ,,,,,,,,,199,131
C,601,621,622,,,168.00 ,125.00 ,,,,,,,,,177,132
C,602,620,621,,,151.00 ,125.00 ,,,,,,,,,160,132
C,603,620,621,,,135.00 ,125.00 ,,,,,,,,,144,132
C,604,620,621,,,136.00 ,125.00 ,,,,,,,,,145,132
C,605,611,612,,,112.00 ,116.00 ,,,,,,,,,121,123
C,606,618,619,,,93.00 ,125.00 ,,,,,,,,,102,132
C,607,605,618,,,74.00 ,113.00 ,,,,,,,,,83,120
C,608,605,618,,,81.00 ,100.00 ,,,,,,,,,90,107
C,609,605,618,,,84.00 ,92.00 ,,,,,,,,,93,99
C,610,605,618,,,87.00 ,88.00 ,,,,,,,,,96,95
C,611,617,624,,,49.00 ,125.00 ,,,,,,,,,58,132
C,612,602,617,,,60.00 ,105.00 ,,,,,,,,,69,112
C,613,602,617,,,71.00 ,84.00 ,,,,,,,,,80,91
C,614,602,617,,,79.00 ,68.00 ,,,,,,,,,88,75
C,615,602,603,,,82.00 ,65.00 ,,,,,,,,,91,72
C,616,602,603,,,96.00 ,65.00 ,,,,,,,,,105,72
C,617,603,604,,,117.00 ,65.00 ,,,,,,,,,126,72
C,618,603,604,,,137.00 ,65.00 ,,,,,,,,,146,72
C,619,603,604,,,162.00 ,65.00 ,,,,,,,,,171,72
C,620,607,608,,,136.00 ,83.00 ,,,,,,,,,145,90
C,621,607,608,,,150.00 ,83.00 ,,,,,,,,,159,90
C,622,607,608,,,163.00 ,83.00 ,,,,,,,,,172,90
C,623,601,616,,,203.00 ,104.00 ,,,,,,,,,212,111
C,624,601,616,,,208.00 ,95.00 ,,,,,,,,,217,102
C,625,601,616,,,213.00 ,86.00 ,,,,,,,,,222,93
C,626,601,616,,,216.00 ,79.00 ,,,,,,,,,225,86
C,627,601,616,,,219.00 ,73.00 ,,,,,,,,,228,80
C,628,601,616,,,223.00 ,67.00 ,,,,,,,,,232,74
C,629,601,616,,,226.00 ,60.00 ,,,,,,,,,235,67
C,630,601,616,,,226.00 ,60.00 ,,,,,,,,,235,67
C,631,601,616,,,223.00 ,67.00 ,,,,,,,,,232,74
C,632,601,616,,,219.00 ,73.00 ,,,,,,,,,228,80
C,633,601,616,,,216.00 ,79.00 ,,,,,,,,,225,86
C,634,601,616,,,213.00 ,86.00 ,,,,,,,,,222,93
C,635,601,616,,,210.00 ,92.00 ,,,,,,,,,219,99
C,636,601,616,,,206.00 ,98.00 ,,,,,,,,,215,105
C,637,601,616,,,203.00 ,104.00 ,,,,,,,,,212,111
C,638,616,623,,,200.00 ,111.00 ,,,,,,,,,209,118
C,639,616,623,,,197.00 ,117.00 ,,,,,,,,,206,124
C,640,616,623,,,194.00 ,121.00 ,,,,,,,,,203,128
C,641,616,623,,,189.00 ,124.00 ,,,,,,,,,198,131
C,701,721,722,,,166.00 ,125.00 ,,,,,,,,,175,132
C,702,720,721,,,144.00 ,125.00 ,,,,,,,,,153,132
C,703,719,720,,,123.00 ,125.00 ,,,,,,,,,132,132
C,704,719,720,,,102.00 ,125.00 ,,,,,,,,,111,132
C,705,719,720,,,84.00 ,125.00 ,,,,,,,,,93,132
C,706,719,720,,,70.00 ,125.00 ,,,,,,,,,79,132
C,707,719,720,,,130.00 ,125.00 ,,,,,,,,,139,132
C,708,719,720,,,123.00 ,125.00 ,,,,,,,,,132,132
C,709,719,720,,,115.00 ,125.00 ,,,,,,,,,124,132
C,710,719,720,,,108.00 ,125.00 ,,,,,,,,,117,132
C,711,719,720,,,102.00 ,125.00 ,,,,,,,,,111,132
C,712,712,713,,,130.00 ,108.00 ,,,,,,,,,139,115
C,713,712,713,,,123.00 ,108.00 ,,,,,,,,,132,115
C,714,712,713,,,115.00 ,108.00 ,,,,,,,,,124,115
C,715,712,713,,,108.00 ,108.00 ,,,,,,,,,117,115
C,716,712,713,,,102.00 ,108.00 ,,,,,,,,,111,115
C,717,712,713,,,88.00 ,108.00 ,,,,,,,,,97,115
C,718,712,719,,,74.00 ,113.00 ,,,,,,,,,83,120
C,719,702,718,,,82.00 ,96.00 ,,,,,,,,,91,103
C,719.1,706,712,,,84.00 ,94.00 ,,,,,,,,,93,101
C,719.2,706,712,,,81.00 ,100.00 ,,,,,,,,,90,107
C,720,706,712,,,86.00 ,88.00 ,,,,,,,,,95,95
C,721,718,724,,,49.00 ,125.00 ,,,,,,,,,58,132
C,722,702,718,,,59.00 ,105.00 ,,,,,,,,,68,112
C,723,702,718,,,71.00 ,84.00 ,,,,,,,,,80,91
C,724,702,718,,,79.00 ,67.00 ,,,,,,,,,88,74
C,725,702,703,,,82.00 ,65.00 ,,,,,,,,,91,72
C,726,702,703,,,97.00 ,65.00 ,,,,,,,,,106,72
C,727,703,704,,,117.00 ,65.00 ,,,,,,,,,126,72
C,728,703,704,,,138.00 ,65.00 ,,,,,,,,,147,72
C,729,704,705,,,163.00 ,65.00 ,,,,,,,,,172,72
C,730,707,708,,,133.00 ,83.00 ,,,,,,,,,142,90
C,731,709,710,,,161.00 ,83.00 ,,,,,,,,,170,90
C,732,709,710,,,171.00 ,83.00 ,,,,,,,,,180,90
C,733,701,717,,,203.00 ,104.00 ,,,,,,,,,212,111
C,734,701,717,,,207.00 ,95.00 ,,,,,,,,,216,102
C,735,701,717,,,213.00 ,86.00 ,,,,,,,,,222,93
C,736,701,717,,,216.00 ,80.00 ,,,,,,,,,225,87
C,737,701,717,,,219.00 ,73.00 ,,,,,,,,,228,80
C,738,701,717,,,223.00 ,68.00 ,,,,,,,,,232,75
C,739,701,717,,,226.00 ,61.00 ,,,,,,,,,235,68
C,740,701,717,,,226.00 ,61.00 ,,,,,,,,,235,68
C,741,701,717,,,223.00 ,68.00 ,,,,,,,,,232,75
C,742,701,717,,,219.00 ,73.00 ,,,,,,,,,228,80
C,743,701,717,,,216.00 ,80.00 ,,,,,,,,,225,87
C,744,701,717,,,213.00 ,86.00 ,,,,,,,,,222,93
C,745,701,717,,,209.00 ,92.00 ,,,,,,,,,218,99
C,746,701,717,,,206.00 ,98.00 ,,,,,,,,,215,105
C,747,701,717,,,203.00 ,104.00 ,,,,,,,,,212,111
C,748,717,723,,,199.00 ,111.00 ,,,,,,,,,208,118
C,749,717,723,,,197.00 ,116.00 ,,,,,,,,,206,123
C,750,717,723,,,194.00 ,121.00 ,,,,,,,,,203,128
C,751,717,723,,,189.00 ,125.00 ,,,,,,,,,198,132
C,801,818,819,,,166.00 ,125.00 ,,,,,,,,,175,132
C,802,817,818,,,144.00 ,125.00 ,,,,,,,,,153,132
C,803,817,818,,,124.00 ,125.00 ,,,,,,,,,133,132
C,804,817,818,,,101.00 ,125.00 ,,,,,,,,,110,132
C,805,817,818,,,88.00 ,125.00 ,,,,,,,,,97,132
C,806,816,817,,,79.00 ,125.00 ,,,,,,,,,88,132
C,807,816,817,,,74.00 ,125.00 ,,,,,,,,,83,132
C,808,815,816,,,68.00 ,125.00 ,,,,,,,,,77,132
C,809,810,811,,,128.00 ,108.00 ,,,,,,,,,137,115
C,810,810,811,,,115.00 ,108.00 ,,,,,,,,,124,115
C,811,810,811,,,109.00 ,108.00 ,,,,,,,,,118,115
C,812,810,811,,,101.00 ,108.00 ,,,,,,,,,110,115
C,813,810,811,,,94.00 ,108.00 ,,,,,,,,,103,115
C,814,810,811,,,87.00 ,108.00 ,,,,,,,,,96,115
C,815,810,816,,,74.00 ,112.00 ,,,,,,,,,83,119
C,816,805,810,,,83.00 ,97.00 ,,,,,,,,,92,104
C,817,805,810,,,86.00 ,88.00 ,,,,,,,,,95,95
C,818,815,821,,,49.00 ,125.00 ,,,,,,,,,58,132
C,819,802,815,,,60.00 ,104.00 ,,,,,,,,,69,111
C,820,802,815,,,69.00 ,86.00 ,,,,,,,,,78,93
C,821,802,815,,,77.00 ,72.00 ,,,,,,,,,86,79
C,822,802,803,,,82.00 ,65.00 ,,,,,,,,,91,72
C,823,802,803,,,97.00 ,65.00 ,,,,,,,,,106,72
C,824,803,804,,,116.00 ,65.00 ,,,,,,,,,125,72
C,825,803,804,,,138.00 ,65.00 ,,,,,,,,,147,72
C,826,803,804,,,161.00 ,65.00 ,,,,,,,,,170,72
C,827,806,807,,,133.00 ,83.00 ,,,,,,,,,142,90
C,828,806,807,,,156.00 ,83.00 ,,,,,,,,,165,90
C,829,809,813,,,192.00 ,100.00 ,,,,,,,,,201,107
C,830,809,813,,,97.00 ,89.00 ,,,,,,,,,106,96
C,831,801,814,,,212.00 ,86.00 ,,,,,,,,,221,93
C,832,801,814,,,216.00 ,79.00 ,,,,,,,,,225,86
C,833,801,814,,,219.00 ,73.00 ,,,,,,,,,228,80
C,834,801,814,,,222.00 ,67.00 ,,,,,,,,,231,74
C,835,801,814,,,226.00 ,61.00 ,,,,,,,,,235,68
C,836,801,814,,,226.00 ,61.00 ,,,,,,,,,235,68
C,837,801,814,,,222.00 ,67.00 ,,,,,,,,,231,74
C,838,801,814,,,219.00 ,73.00 ,,,,,,,,,228,80
C,839,801,814,,,216.00 ,79.00 ,,,,,,,,,225,86
C,840,801,814,,,212.00 ,86.00 ,,,,,,,,,221,93
C,841,801,814,,,210.00 ,92.00 ,,,,,,,,,219,99
C,842,801,814,,,207.00 ,98.00 ,,,,,,,,,216,105
C,843,801,814,,,203.00 ,104.00 ,,,,,,,,,212,111
C,844,814,820,,,200.00 ,111.00 ,,,,,,,,,209,118
C,845,814,820,,,197.00 ,117.00 ,,,,,,,,,206,124
C,846,814,820,,,194.00 ,121.00 ,,,,,,,,,203,128
C,847,814,820,,,189.00 ,125.00 ,,,,,,,,,198,132
C,901,918,919,,,166.00 ,125.00 ,,,,,,,,,175,132
C,902,917,918,,,145.00 ,125.00 ,,,,,,,,,154,132
C,903,917,918,,,124.00 ,125.00 ,,,,,,,,,133,132
C,904,917,918,,,107.00 ,125.00 ,,,,,,,,,116,132
C,905,917,918,,,88.00 ,125.00 ,,,,,,,,,97,132
C,906,910,917,918,,71.00 ,125.00 ,,,,,,,,,80,132
C,907,910,911,,,128.00 ,108.00 ,,,,,,,,,137,115
C,908,910,911,,,109.00 ,108.00 ,,,,,,,,,118,115
C,909,910,911,,,95.00 ,108.00 ,,,,,,,,,104,115
C,910,910,911,,,88.00 ,108.00 ,,,,,,,,,97,115
C,911,910,917,,,71.00 ,119.00 ,,,,,,,,,80,126
C,912,910,917,,,75.00 ,111.00 ,,,,,,,,,84,118
C,913,905,910,,,78.00 ,105.00 ,,,,,,,,,87,112
C,914,905,910,,,82.00 ,99.00 ,,,,,,,,,91,106
C,915,905,910,,,84.00 ,93.00 ,,,,,,,,,93,100
C,916,905,910,,,86.00 ,88.00 ,,,,,,,,,95,95
C,917,902,916,,,64.00 ,98.00 ,,,,,,,,,73,105
C,918,902,916,,,67.00 ,91.00 ,,,,,,,,,76,98
C,919,902,916,,,71.00 ,86.00 ,,,,,,,,,80,93
C,920,916,921,,,48.00 ,127.00 ,,,,,,,,,57,134
C,921,902,916,,,59.00 ,105.00 ,,,,,,,,,68,112
C,922,902,916,,,69.00 ,86.00 ,,,,,,,,,78,93
C,923,902,916,,,78.00 ,71.00 ,,,,,,,,,87,78
C,924,902,903,,,82.00 ,65.00 ,,,,,,,,,91,72
C,925,902,903,,,96.00 ,65.00 ,,,,,,,,,105,72
C,926,903,904,,,116.00 ,65.00 ,,,,,,,,,125,72
C,927,903,904,,,137.00 ,65.00 ,,,,,,,,,146,72
C,928,903,904,,,157.00 ,65.00 ,,,,,,,,,166,72
C,929,903,904,,,171.00 ,65.00 ,,,,,,,,,180,72
C,930,906,907,,,133.00 ,83.00 ,,,,,,,,,142,90
C,931,907,908,,,147.00 ,83.00 ,,,,,,,,,156,90
C,932,907,908,,,163.00 ,83.00 ,,,,,,,,,172,90
C,933,901,915,,,203.00 ,104.00 ,,,,,,,,,212,111
C,934,901,915,,,207.00 ,95.00 ,,,,,,,,,216,102
C,935,901,915,,,213.00 ,86.00 ,,,,,,,,,222,93
C,936,901,915,,,216.00 ,80.00 ,,,,,,,,,225,87
C,937,901,915,,,220.00 ,73.00 ,,,,,,,,,229,80
C,938,901,915,,,223.00 ,68.00 ,,,,,,,,,232,75
C,939,901,915,,,226.00 ,61.00 ,,,,,,,,,235,68
C,940,901,915,,,226.00 ,61.00 ,,,,,,,,,235,68
C,941,901,915,,,223.00 ,68.00 ,,,,,,,,,232,75
C,942,901,915,,,220.00 ,73.00 ,,,,,,,,,229,80
C,943,901,915,,,216.00 ,80.00 ,,,,,,,,,225,87
C,944,901,915,,,213.00 ,86.00 ,,,,,,,,,222,93
C,945,901,915,,,210.00 ,92.00 ,,,,,,,,,219,99
C,946,901,915,,,206.00 ,98.00 ,,,,,,,,,215,105
C,947,901,915,,,203.00 ,104.00 ,,,,,,,,,212,111
C,948,915,920,,,200.00 ,111.00 ,,,,,,,,,209,118
C,949,915,920,,,197.00 ,117.00 ,,,,,,,,,206,124
C,950,915,920,,,194.00 ,121.00 ,,,,,,,,,203,128
C,951,915,920,,,190.00 ,125.00 ,,,,,,,,,199,132
C,1001,1001,1002,,,200.00 ,111.00 ,,,,,,,,,209,118
C,1002,1001,1002,,,203.00 ,104.00 ,,,,,,,,,212,111
C,1003,1001,1002,,,206.00 ,98.00 ,,,,,,,,,215,105
C,1004,1001,1002,,,210.00 ,92.00 ,,,,,,,,,219,99
C,1005,1001,1002,,,213.00 ,86.00 ,,,,,,,,,222,93
C,1006,1001,1002,,,216.00 ,80.00 ,,,,,,,,,225,87
C,1007,1001,1002,,,220.00 ,73.00 ,,,,,,,,,229,80
C,1008,1001,1002,,,223.00 ,68.00 ,,,,,,,,,232,75
C,1009,1001,1002,,,226.00 ,61.00 ,,,,,,,,,235,68
C,1010,1001,1002,,,229.00 ,56.00 ,,,,,,,,,238,63
C,1011,1001,1002,,,229.00 ,56.00 ,,,,,,,,,238,63
C,1012,1001,1002,,,226.00 ,61.00 ,,,,,,,,,235,68
C,1013,1001,1002,,,223.00 ,68.00 ,,,,,,,,,232,75
C,1014,1001,1002,,,220.00 ,73.00 ,,,,,,,,,229,80
C,1015,1001,1002,,,216.00 ,80.00 ,,,,,,,,,225,87
C,1016,1001,1002,,,213.00 ,86.00 ,,,,,,,,,222,93
C,1017,1001,1002,,,210.00 ,92.00 ,,,,,,,,,219,99
C,1018,1001,1002,,,206.00 ,98.00 ,,,,,,,,,215,105
C,1019,1001,1002,,,203.00 ,104.00 ,,,,,,,,,212,111
C,1020,1001,1002,,,200.00 ,111.00 ,,,,,,,,,209,118
C,1021,1001,1002,,,197.00 ,116.00 ,,,,,,,,,206,123
C,1022,1002,1012,,,194.00 ,120.00 ,,,,,,,,,203,127
C,1023,1002,1012,,,188.00 ,125.00 ,,,,,,,,,197,132
C,1024,1002,1012,,,182.00 ,128.00 ,,,,,,,,,191,135
C,1025,1006,1007,1011,1012,177.00 ,130.00 ,,,,,,,,,186,137
C,1026,1006,1007,1011,1012,171.00 ,131.00 ,,,,,,,,,180,138
C,1027,1006,1007,1011,1012,164.00 ,131.00 ,,,,,,,,,173,138
C,1028,1006,1011,,,158.00 ,131.00 ,,,,,,,,,167,138
C,1029,1010,1011,,,151.00 ,131.00 ,,,,,,,,,160,138
C,1030,1010,1011,,,144.00 ,131.00 ,,,,,,,,,153,138
C,1031,1005,1009,1010,,136.00 ,131.00 ,,,,,,,,,145,138
C,1032,1009,1010,,,130.00 ,131.00 ,,,,,,,,,139,138
C,1033,1009,1010,,,123.00 ,131.00 ,,,,,,,,,132,138
C,1034,1009,1010,,,116.00 ,131.00 ,,,,,,,,,125,138
C,1035,1009,1010,,,109.00 ,131.00 ,,,,,,,,,118,138
C,1036,1009,1010,,,102.00 ,131.00 ,,,,,,,,,111,138
C,1037,1009,1010,,,95.00 ,131.00 ,,,,,,,,,104,138
C,1038,1008,1009,,,87.00 ,131.00 ,,,,,,,,,96,138
C,1039,1008,1009,,,82.00 ,131.00 ,,,,,,,,,91,138
C,1040,1010,1011,,,148.00 ,131.00 ,,,,,,,,,157,138
C,1041,1009,1010,,,131.00 ,131.00 ,,,,,,,,,140,138
C,1042,1009,1010,,,119.00 ,131.00 ,,,,,,,,,128,138
C,1043,1008,1009,,,87.00 ,131.00 ,,,,,,,,,96,138
C,1044,1009,1010,,,104.00 ,131.00 ,,,,,,,,,113,138
C,1045,1008,,,,75.00 ,138.00 ,,,,,,,,,84,145
C,1046,1004,1005,,,137.00 ,119.00 ,,,,,,,,,146,126
C,1047,1004,1005,,,130.00 ,119.00 ,,,,,,,,,139,126
C,1048,1004,1005,,,123.00 ,119.00 ,,,,,,,,,132,126
C,1049,1004,1005,,,116.00 ,119.00 ,,,,,,,,,125,126
C,1050,1004,1005,,,108.00 ,119.00 ,,,,,,,,,117,126
C,1051,1004,1005,,,101.00 ,119.00 ,,,,,,,,,110,126
C,1052,1004,1005,,,95.00 ,119.00 ,,,,,,,,,104,126
C,1053,1003,1004,,,88.00 ,119.00 ,,,,,,,,,97,126
C,1101,1101,1102,,,200.00 ,111.00 ,,,,,,,,,209,118
C,1102,1101,1102,,,203.00 ,104.00 ,,,,,,,,,212,111
C,1103,1101,1102,,,206.00 ,98.00 ,,,,,,,,,215,105
C,1104,1101,1102,,,210.00 ,92.00 ,,,,,,,,,219,99
C,1105,1101,1102,,,213.00 ,86.00 ,,,,,,,,,222,93
C,1106,1101,1102,,,216.00 ,80.00 ,,,,,,,,,225,87
C,1107,1101,1102,,,220.00 ,73.00 ,,,,,,,,,229,80
C,1108,1101,1102,,,223.00 ,68.00 ,,,,,,,,,232,75
C,1109,1101,1102,,,226.00 ,61.00 ,,,,,,,,,235,68
C,1110,1101,1102,,,229.00 ,56.00 ,,,,,,,,,238,63
C,1111,1101,1102,,,229.00 ,56.00 ,,,,,,,,,238,63
C,1112,1101,1102,,,226.00 ,61.00 ,,,,,,,,,235,68
C,1113,1101,1102,,,223.00 ,68.00 ,,,,,,,,,232,75
C,1114,1101,1102,,,220.00 ,73.00 ,,,,,,,,,229,80
C,1115,1101,1102,,,216.00 ,80.00 ,,,,,,,,,225,87
C,1116,1101,1102,,,213.00 ,86.00 ,,,,,,,,,222,93
C,1117,1101,1102,,,210.00 ,92.00 ,,,,,,,,,219,99
C,1118,1101,1102,,,206.00 ,98.00 ,,,,,,,,,215,105
C,1119,1101,1102,,,203.00 ,104.00 ,,,,,,,,,212,111
C,1120,1101,1102,,,200.00 ,111.00 ,,,,,,,,,209,118
C,1121,1102,1110,,,197.00 ,116.00 ,,,,,,,,,206,123
C,1122,1102,1110,,,194.00 ,121.00 ,,,,,,,,,203,128
C,1123,1102,1110,,,189.00 ,125.00 ,,,,,,,,,198,132
C,1124,1106,1109,1110,,183.00 ,129.00 ,,,,,,,,,192,136
C,1125,1106,1109,1110,,177.00 ,131.00 ,,,,,,,,,186,138
C,1126,1105,1106,1109,,171.00 ,131.00 ,,,,,,,,,180,138
C,1127,1105,1106,1109,,165.00 ,131.00 ,,,,,,,,,174,138
C,1128,1108,1109,,,157.00 ,131.00 ,,,,,,,,,166,138
C,1129,1108,1109,,,150.00 ,131.00 ,,,,,,,,,159,138
C,1130,1108,1109,,,144.00 ,131.00 ,,,,,,,,,153,138
C,1131,1107,1108,,,136.00 ,131.00 ,,,,,,,,,145,138
C,1132,1107,1108,,,130.00 ,131.00 ,,,,,,,,,139,138
C,1133,1107,1108,,,122.00 ,131.00 ,,,,,,,,,131,138
C,1134,1107,1108,,,116.00 ,131.00 ,,,,,,,,,125,138
C,1135,1107,1108,,,110.00 ,131.00 ,,,,,,,,,119,138
C,1136,1107,,,,103.00 ,131.00 ,,,,,,,,,112,138
C,1137,1108,1109,,,147.00 ,131.00 ,,,,,,,,,156,138
C,1138,1107,1108,,,131.00 ,131.00 ,,,,,,,,,140,138
C,1139,1107,1108,,,118.00 ,131.00 ,,,,,,,,,127,138
C,1140,1107,,,,104.00 ,131.00 ,,,,,,,,,113,138
C,1141,1103,1104,,,137.00 ,119.00 ,,,,,,,,,146,126
C,1142,1103,1104,,,129.00 ,119.00 ,,,,,,,,,138,126
C,1143,1103,1104,,,123.00 ,119.00 ,,,,,,,,,132,126
C,1144,1103,1104,,,116.00 ,119.00 ,,,,,,,,,125,126
C,1145,1103,1104,,,110.00 ,119.00 ,,,,,,,,,119,126
C,1201,1201,1202,,,200.00 ,111.00 ,,,,,,,,,209,118
C,1202,1201,1202,,,203.00 ,104.00 ,,,,,,,,,212,111
C,1203,1201,1202,,,206.00 ,98.00 ,,,,,,,,,215,105
C,1204,1201,1202,,,210.00 ,92.00 ,,,,,,,,,219,99
C,1205,1201,1202,,,213.00 ,86.00 ,,,,,,,,,222,93
C,1206,1201,1202,,,216.00 ,80.00 ,,,,,,,,,225,87
C,1207,1201,1202,,,220.00 ,73.00 ,,,,,,,,,229,80
C,1208,1201,1202,,,223.00 ,68.00 ,,,,,,,,,232,75
C,1209,1201,1202,,,226.00 ,61.00 ,,,,,,,,,235,68
C,1210,1201,1202,,,229.00 ,56.00 ,,,,,,,,,238,63
C,1211,1201,1202,,,229.00 ,56.00 ,,,,,,,,,238,63
C,1212,1201,1202,,,226.00 ,61.00 ,,,,,,,,,235,68
C,1213,1201,1202,,,223.00 ,68.00 ,,,,,,,,,232,75
C,1214,1201,1202,,,220.00 ,73.00 ,,,,,,,,,229,80
C,1215,1201,1202,,,216.00 ,80.00 ,,,,,,,,,225,87
C,1216,1201,1202,,,213.00 ,86.00 ,,,,,,,,,222,93
C,1217,1201,1202,,,210.00 ,92.00 ,,,,,,,,,219,99
C,1218,1201,1202,,,206.00 ,98.00 ,,,,,,,,,215,105
C,1219,1201,1202,,,203.00 ,104.00 ,,,,,,,,,212,111
C,1220,1201,1202,,,200.00 ,111.00 ,,,,,,,,,209,118
C,1221,1202,1209,,,197.00 ,116.00 ,,,,,,,,,206,123
C,1222,1202,1209,,,194.00 ,121.00 ,,,,,,,,,203,128
C,1223,1202,1209,,,189.00 ,125.00 ,,,,,,,,,198,132
C,1224,1205,1208,1209,,183.00 ,128.00 ,,,,,,,,,192,135
C,1225,1205,1208,1209,,176.00 ,131.00 ,,,,,,,,,185,138
C,1226,1205,1208,1209,,171.00 ,131.00 ,,,,,,,,,180,138
C,1227,1205,1208,1209,,165.00 ,131.00 ,,,,,,,,,174,138
C,1228,1207,1208,,,158.00 ,131.00 ,,,,,,,,,167,138
C,1229,1207,1208,,,150.00 ,131.00 ,,,,,,,,,159,138
C,1230,1207,1208,,,143.00 ,131.00 ,,,,,,,,,152,138
C,1231,1206,1207,,,136.00 ,131.00 ,,,,,,,,,145,138
C,1232,1206,1207,,,130.00 ,131.00 ,,,,,,,,,139,138
C,1233,1206,,,,128.00 ,131.00 ,,,,,,,,,137,138
C,1234,1207,1208,,,147.00 ,131.00 ,,,,,,,,,156,138
C,1235,1206,1207,,,133.00 ,131.00 ,,,,,,,,,142,138
C,1236,1203,,,,135.00 ,119.00 ,,,,,,,,,144,126
